election_id,country_name_short,country_name,country_id,election_date,pectotal_neu,pec_neu,pec10_neu,pec20_neu,pec30_neu,pec40_neu,pec50_neu,pec60_neu,year,year2,month
739,"AUS","Australia",33,"1946-09-28",43.7,1,1,1,1,1,0,0,1946,19460,9
734,"AUS","Australia",33,"1949-12-10",0,0,0,0,0,0,0,0,1949,19490,12
763,"AUS","Australia",33,"1951-04-28",0,0,0,0,0,0,0,0,1951,19510,4
743,"AUS","Australia",33,"1954-05-29",0,0,0,0,0,0,0,0,1954,19540,5
742,"AUS","Australia",33,"1955-12-10",44.8,1,1,1,1,1,0,0,1955,19550,12
749,"AUS","Australia",33,"1958-11-22",9.4,1,0,0,0,0,0,0,1958,19580,11
740,"AUS","Australia",33,"1961-12-09",8.7,1,0,0,0,0,0,0,1961,19610,12
741,"AUS","Australia",33,"1963-11-30",0,0,0,0,0,0,0,0,1963,19630,11
764,"AUS","Australia",33,"1966-11-26",0,0,0,0,0,0,0,0,1966,19660,11
735,"AUS","Australia",33,"1969-10-25",0,0,0,0,0,0,0,0,1969,19690,10
759,"AUS","Australia",33,"1972-12-02",0,0,0,0,0,0,0,0,1972,19720,12
758,"AUS","Australia",33,"1974-05-18",0,0,0,0,0,0,0,0,1974,19740,5
757,"AUS","Australia",33,"1975-12-13",53,1,1,1,1,1,1,0,1975,19750,12
755,"AUS","Australia",33,"1977-12-10",48.1,1,1,1,1,1,0,0,1977,19770,12
736,"AUS","Australia",33,"1980-10-18",46.3,1,1,1,1,1,0,0,1980,19800,10
751,"AUS","Australia",33,"1983-03-05",43.4,1,1,1,1,1,0,0,1983,19830,3
733,"AUS","Australia",33,"1984-12-01",45,1,1,1,1,1,0,0,1984,19840,12
732,"AUS","Australia",33,"1987-07-11",45.8,1,1,1,1,1,0,0,1987,19870,7
752,"AUS","Australia",33,"1990-03-24",43.2,1,1,1,1,1,0,0,1990,19900,3
753,"AUS","Australia",33,"1993-03-13",44,1,1,1,1,1,0,0,1993,19930,3
754,"AUS","Australia",33,"1996-03-02",47.3,1,1,1,1,1,0,0,1996,19960,3
756,"AUS","Australia",33,"1998-10-03",39.2,1,1,1,1,0,0,0,1998,19980,10
760,"AUS","Australia",33,"2001-11-10",43,1,1,1,1,1,0,0,2001,20010,11
762,"AUS","Australia",33,"2004-10-09",46.7,1,1,1,1,1,0,0,2004,20040,10
761,"AUS","Australia",33,"2007-11-24",41.8,1,1,1,1,1,0,0,2007,20070,11
246,"AUS","Australia",33,"2010-08-21",43.62,1,1,1,1,1,0,0,2010,20100,8
804,"AUS","Australia",33,"2013-09-07",45.55,1,1,1,1,1,0,0,2013,20130,9
402,"AUT","Austria",59,"1945-11-25",49.8,1,1,1,1,1,0,0,1945,19450,11
67,"AUT","Austria",59,"1949-10-09",82.7,1,1,1,1,1,1,1,1949,19490,10
11,"AUT","Austria",59,"1953-02-22",83.4,1,1,1,1,1,1,1,1953,19530,2
169,"AUT","Austria",59,"1956-05-13",89,1,1,1,1,1,1,1,1956,19560,5
347,"AUT","Austria",59,"1959-05-10",89,1,1,1,1,1,1,1,1959,19590,5
495,"AUT","Austria",59,"1962-11-18",89.4,1,1,1,1,1,1,1,1962,19620,11
608,"AUT","Austria",59,"1966-03-06",90.91,1,1,1,1,1,1,1,1966,19660,3
377,"AUT","Austria",59,"1970-03-01",0,0,0,0,0,0,0,0,1970,19700,3
185,"AUT","Austria",59,"1971-10-10",0,0,0,0,0,0,0,0,1971,19710,10
221,"AUT","Austria",59,"1975-10-05",0,0,0,0,0,0,0,0,1975,19750,10
452,"AUT","Austria",59,"1979-05-06",0,0,0,0,0,0,0,0,1979,19790,5
456,"AUT","Austria",59,"1983-04-24",0,0,0,0,0,0,0,0,1983,19830,4
235,"AUT","Austria",59,"1986-11-23",0,0,0,0,0,0,0,0,1986,19860,11
325,"AUT","Austria",59,"1990-10-07",0,0,0,0,0,0,0,0,1990,19900,10
66,"AUT","Austria",59,"1994-10-09",62.6,1,1,1,1,1,1,1,1994,19940,10
162,"AUT","Austria",59,"1995-12-17",0,0,0,0,0,0,0,0,1995,19950,12
492,"AUT","Austria",59,"1999-10-03",0,0,0,0,0,0,0,0,1999,19990,10
365,"AUT","Austria",59,"2002-11-24",0,0,0,0,0,0,0,0,2002,20020,11
197,"AUT","Austria",59,"2006-10-01",0,0,0,0,0,0,0,0,2006,20060,10
607,"AUT","Austria",59,"2008-09-28",0,0,0,0,0,0,0,0,2008,20080,9
802,"AUT","Austria",59,"2013-09-29",0,0,0,0,0,0,0,0,2013,20130,9
19,"BEL","Belgium",64,"1946-02-17",0,0,0,0,0,0,0,0,1946,19460,2
644,"BEL","Belgium",64,"1949-06-26",0,0,0,0,0,0,0,0,1949,19490,6
217,"BEL","Belgium",64,"1950-06-04",0,0,0,0,0,0,0,0,1950,19500,6
545,"BEL","Belgium",64,"1954-04-11",0,0,0,0,0,0,0,0,1954,19540,4
573,"BEL","Belgium",64,"1958-06-01",0,0,0,0,0,0,0,0,1958,19580,6
425,"BEL","Belgium",64,"1961-03-26",0,0,0,0,0,0,0,0,1961,19610,3
150,"BEL","Belgium",64,"1965-05-23",0,0,0,0,0,0,0,0,1965,19650,5
184,"BEL","Belgium",64,"1968-03-31",0,0,0,0,0,0,0,0,1968,19680,3
591,"BEL","Belgium",64,"1971-11-07",0,0,0,0,0,0,0,0,1971,19710,11
384,"BEL","Belgium",64,"1974-03-10",0,0,0,0,0,0,0,0,1974,19740,3
420,"BEL","Belgium",64,"1977-04-17",0,0,0,0,0,0,0,0,1977,19770,4
663,"BEL","Belgium",64,"1978-12-17",0,0,0,0,0,0,0,0,1978,19780,12
501,"BEL","Belgium",64,"1981-11-08",0,0,0,0,0,0,0,0,1981,19810,11
396,"BEL","Belgium",64,"1985-10-13",0,0,0,0,0,0,0,0,1985,19850,10
191,"BEL","Belgium",64,"1987-12-13",17.43,1,1,0,0,0,0,0,1987,19870,12
418,"BEL","Belgium",64,"1991-11-24",0,0,0,0,0,0,0,0,1991,19910,11
332,"BEL","Belgium",64,"1995-05-21",0,0,0,0,0,0,0,0,1995,19950,5
2,"BEL","Belgium",64,"1999-06-13",0,0,0,0,0,0,0,0,1999,19990,6
143,"BEL","Belgium",64,"2003-05-18",14.91,1,1,0,0,0,0,0,2003,20030,5
401,"BEL","Belgium",64,"2007-06-10",28.76,1,1,1,0,0,0,0,2007,20070,6
486,"BEL","Belgium",64,"2010-06-13",0,0,0,0,0,0,0,0,2010,20100,6
816,"BEL","Belgium",64,"2014-05-25",0,0,0,0,0,0,0,0,2014,20140,5
32,"BGR","Bulgaria",10,"1991-10-13",67.5,1,1,1,1,1,1,1,1991,19910,10
355,"BGR","Bulgaria",10,"1994-12-18",78.03,1,1,1,1,1,1,1,1994,19940,12
126,"BGR","Bulgaria",10,"1997-04-19",84.76,1,1,1,1,1,1,1,1997,19970,4
681,"BGR","Bulgaria",10,"2001-06-18",85.52,1,1,1,1,1,1,1,2001,20010,6
618,"BGR","Bulgaria",10,"2005-06-25",51.96,1,1,1,1,1,1,0,2005,20050,6
79,"BGR","Bulgaria",10,"2009-07-05",27.72,1,1,1,0,0,0,0,2009,20090,7
799,"BGR","Bulgaria",10,"2013-05-12",32.535,1,1,1,1,0,0,0,2013,20130,5
840,"BGR","Bulgaria",10,"2014-10-05",0,0,0,0,0,0,0,0,2014,20140,10
189,"CAN","Canada",29,"1945-06-11",0,0,0,0,0,0,0,0,1945,19450,6
112,"CAN","Canada",29,"1949-06-27",0,0,0,0,0,0,0,0,1949,19490,6
292,"CAN","Canada",29,"1953-08-10",0,0,0,0,0,0,0,0,1953,19530,8
562,"CAN","Canada",29,"1957-06-10",0,0,0,0,0,0,0,0,1957,19570,6
286,"CAN","Canada",29,"1958-03-31",0,0,0,0,0,0,0,0,1958,19580,3
76,"CAN","Canada",29,"1962-06-18",0,0,0,0,0,0,0,0,1962,19620,6
424,"CAN","Canada",29,"1963-04-08",0,0,0,0,0,0,0,0,1963,19630,4
282,"CAN","Canada",29,"1965-11-08",0,0,0,0,0,0,0,0,1965,19650,11
91,"CAN","Canada",29,"1968-06-25",0,0,0,0,0,0,0,0,1968,19680,6
552,"CAN","Canada",29,"1972-10-30",0,0,0,0,0,0,0,0,1972,19720,10
276,"CAN","Canada",29,"1974-07-08",0,0,0,0,0,0,0,0,1974,19740,7
683,"CAN","Canada",29,"1979-05-22",0,0,0,0,0,0,0,0,1979,19790,5
139,"CAN","Canada",29,"1980-02-18",0,0,0,0,0,0,0,0,1980,19800,2
159,"CAN","Canada",29,"1984-09-04",0,0,0,0,0,0,0,0,1984,19840,9
96,"CAN","Canada",29,"1988-11-21",0,0,0,0,0,0,0,0,1988,19880,11
546,"CAN","Canada",29,"1993-10-25",0,0,0,0,0,0,0,0,1993,19930,10
650,"CAN","Canada",29,"1997-06-02",0,0,0,0,0,0,0,0,1997,19970,6
455,"CAN","Canada",29,"2000-11-27",0,0,0,0,0,0,0,0,2000,20000,11
240,"CAN","Canada",29,"2004-06-28",0,0,0,0,0,0,0,0,2004,20040,6
137,"CAN","Canada",29,"2006-01-23",0,0,0,0,0,0,0,0,2006,20060,1
601,"CAN","Canada",29,"2008-10-14",0,0,0,0,0,0,0,0,2008,20080,10
703,"CAN","Canada",29,"2011-05-02",0,0,0,0,0,0,0,0,2011,20110,5
994,"CAN","Canada",29,"2015-10-19",0,0,0,0,0,0,0,0,2015,20150,10
684,"CHE","Switzerland",40,"1947-10-26",0,0,0,0,0,0,0,0,1947,19470,10
21,"CHE","Switzerland",40,"1951-10-28",0,0,0,0,0,0,0,0,1951,19510,10
30,"CHE","Switzerland",40,"1955-10-30",0,0,0,0,0,0,0,0,1955,19550,10
674,"CHE","Switzerland",40,"1959-10-25",0,0,0,0,0,0,0,0,1959,19590,10
108,"CHE","Switzerland",40,"1963-10-27",0,0,0,0,0,0,0,0,1963,19630,10
373,"CHE","Switzerland",40,"1967-10-29",0,0,0,0,0,0,0,0,1967,19670,10
176,"CHE","Switzerland",40,"1971-10-31",0,0,0,0,0,0,0,0,1971,19710,10
371,"CHE","Switzerland",40,"1975-10-26",0,0,0,0,0,0,0,0,1975,19750,10
435,"CHE","Switzerland",40,"1979-10-21",0,0,0,0,0,0,0,0,1979,19790,10
631,"CHE","Switzerland",40,"1983-10-23",0,0,0,0,0,0,0,0,1983,19830,10
358,"CHE","Switzerland",40,"1987-10-18",0,0,0,0,0,0,0,0,1987,19870,10
521,"CHE","Switzerland",40,"1991-10-20",0,0,0,0,0,0,0,0,1991,19910,10
105,"CHE","Switzerland",40,"1995-10-22",0,0,0,0,0,0,0,0,1995,19950,10
427,"CHE","Switzerland",40,"1999-10-24",0,0,0,0,0,0,0,0,1999,19990,10
206,"CHE","Switzerland",40,"2003-10-19",0,0,0,0,0,0,0,0,2003,20030,10
310,"CHE","Switzerland",40,"2007-10-21",0,0,0,0,0,0,0,0,2007,20070,10
779,"CHE","Switzerland",40,"2011-10-23",0,0,0,0,0,0,0,0,2011,20110,10
995,"CHE","Switzerland",40,"2015-10-18",0,0,0,0,0,0,0,0,2015,20150,10
528,"CYP","Cyprus",51,"1976-09-05",0,0,0,0,0,0,0,0,1976,19760,9
70,"CYP","Cyprus",51,"1981-05-24",0,0,0,0,0,0,0,0,1981,19810,5
127,"CYP","Cyprus",51,"1985-12-08",0,0,0,0,0,0,0,0,1985,19850,12
342,"CYP","Cyprus",51,"1991-05-19",0,0,0,0,0,0,0,0,1991,19910,5
330,"CYP","Cyprus",51,"1996-05-26",0,0,0,0,0,0,0,0,1996,19960,5
339,"CYP","Cyprus",51,"2001-05-27",0,0,0,0,0,0,0,0,2001,20010,5
556,"CYP","Cyprus",51,"2006-05-21",0,0,0,0,0,0,0,0,2006,20060,5
701,"CYP","Cyprus",51,"2011-05-22",0,0,0,0,0,0,0,0,2011,20110,5
63,"CZE","Czech Republic",68,"1990-06-09",0,0,0,0,0,0,0,0,1990,19900,6
39,"CZE","Czech Republic",68,"1992-06-06",0,0,0,0,0,0,0,0,1992,19920,6
301,"CZE","Czech Republic",68,"1996-06-01",0,0,0,0,0,0,0,0,1996,19960,6
27,"CZE","Czech Republic",68,"1998-06-20",0,0,0,0,0,0,0,0,1998,19980,6
487,"CZE","Czech Republic",68,"2002-06-15",14.27,1,1,0,0,0,0,0,2002,20020,6
50,"CZE","Czech Republic",68,"2006-06-03",42.6,1,1,1,1,1,0,0,2006,20060,6
599,"CZE","Czech Republic",68,"2010-05-29",20.37,1,1,1,0,0,0,0,2010,20100,5
805,"CZE","Czech Republic",68,"2013-10-25",0,0,0,0,0,0,0,0,2013,20130,10
581,"DEU","Germany",54,"1949-08-14",0,0,0,0,0,0,0,0,1949,19490,8
103,"DEU","Germany",54,"1953-09-06",58,1,1,1,1,1,1,0,1953,19530,9
331,"DEU","Germany",54,"1957-09-15",53.6,1,1,1,1,1,1,0,1957,19570,9
381,"DEU","Germany",54,"1961-09-17",0,0,0,0,0,0,0,0,1961,19610,9
250,"DEU","Germany",54,"1965-09-19",57.3,1,1,1,1,1,1,0,1965,19650,9
447,"DEU","Germany",54,"1969-09-28",0,0,0,0,0,0,0,0,1969,19690,9
95,"DEU","Germany",54,"1972-11-19",54.2,1,1,1,1,1,1,0,1972,19720,11
163,"DEU","Germany",54,"1976-10-03",50.5,1,1,1,1,1,1,0,1976,19760,10
547,"DEU","Germany",54,"1980-10-05",53.5,1,1,1,1,1,1,0,1980,19800,10
484,"DEU","Germany",54,"1983-03-06",55.8,1,1,1,1,1,1,0,1983,19830,3
588,"DEU","Germany",54,"1987-01-25",53.4,1,1,1,1,1,1,0,1987,19870,1
445,"DEU","Germany",54,"1990-12-02",54.9,1,1,1,1,1,1,0,1990,19900,12
595,"DEU","Germany",54,"1994-10-16",48.4,1,1,1,1,1,0,0,1994,19940,10
679,"DEU","Germany",54,"1998-09-27",41.3,1,1,1,1,1,0,0,1998,19980,9
385,"DEU","Germany",54,"2002-09-22",47.1,1,1,1,1,1,0,0,2002,20020,9
118,"DEU","Germany",54,"2005-09-18",45,1,1,1,1,1,0,0,2005,20050,9
93,"DEU","Germany",54,"2009-09-27",48.4,1,1,1,1,1,0,0,2009,20090,9
800,"DEU","Germany",54,"2013-09-22",46.3,1,1,1,1,1,0,0,2013,20130,9
121,"DNK","Denmark",21,"1945-10-30",0,0,0,0,0,0,0,0,1945,19450,10
541,"DNK","Denmark",21,"1947-10-28",0,0,0,0,0,0,0,0,1947,19470,10
430,"DNK","Denmark",21,"1950-09-05",39.1,1,1,1,1,0,0,0,1950,19500,9
213,"DNK","Denmark",21,"1953-04-21",0,0,0,0,0,0,0,0,1953,19530,4
630,"DNK","Denmark",21,"1953-09-22",0,0,0,0,0,0,0,0,1953,19531,9
263,"DNK","Denmark",21,"1957-05-14",88.9,1,1,1,1,1,1,1,1957,19570,5
73,"DNK","Denmark",21,"1960-11-15",39,1,1,1,1,0,0,0,1960,19600,11
288,"DNK","Denmark",21,"1964-09-22",40.9,1,1,1,1,1,0,0,1964,19640,9
97,"DNK","Denmark",21,"1966-11-22",0,0,0,0,0,0,0,0,1966,19660,11
531,"DNK","Denmark",21,"1968-01-23",94.2,1,1,1,1,1,1,1,1968,19680,1
400,"DNK","Denmark",21,"1971-09-21",46.6,1,1,1,1,1,0,0,1971,19710,9
64,"DNK","Denmark",21,"1973-12-04",32.7,1,1,1,1,0,0,0,1973,19730,12
464,"DNK","Denmark",21,"1975-01-09",0,0,0,0,0,0,0,0,1975,19750,1
409,"DNK","Denmark",21,"1977-02-15",0,0,0,0,0,0,0,0,1977,19770,2
242,"DNK","Denmark",21,"1979-10-23",30.8,1,1,1,1,0,0,0,1979,19790,10
179,"DNK","Denmark",21,"1981-12-08",25.8,1,1,1,0,0,0,0,1981,19810,12
597,"DNK","Denmark",21,"1984-01-10",42.8,1,1,1,1,1,0,0,1984,19840,1
226,"DNK","Denmark",21,"1987-09-08",38.5,1,1,1,1,0,0,0,1987,19870,9
387,"DNK","Denmark",21,"1988-05-10",37.8,1,1,1,1,0,0,0,1988,19880,5
157,"DNK","Denmark",21,"1990-12-12",0,0,0,0,0,0,0,0,1990,19900,12
89,"DNK","Denmark",21,"1994-09-21",38.3,1,1,1,1,0,0,0,1994,19940,9
389,"DNK","Denmark",21,"1998-03-11",72.7,1,1,1,1,1,1,1,1998,19980,3
632,"DNK","Denmark",21,"2001-11-20",83.4,1,1,1,1,1,1,1,2001,20010,11
563,"DNK","Denmark",21,"2005-02-08",98,1,1,1,1,1,1,1,2005,20050,2
174,"DNK","Denmark",21,"2007-11-13",96.3,1,1,1,1,1,1,1,2007,20070,11
722,"DNK","Denmark",21,"2011-09-15",98.74,1,1,1,1,1,1,1,2011,20110,9
976,"DNK","Denmark",21,"2015-06-18",90.19,1,1,1,1,1,1,1,2015,20150,6
42,"ESP","Spain",27,"1977-06-15",34.52,1,1,1,1,0,0,0,1977,19770,6
493,"ESP","Spain",27,"1979-03-01",0,0,0,0,0,0,0,0,1979,19790,3
85,"ESP","Spain",27,"1982-10-28",33.28,1,1,1,1,0,0,0,1982,19820,10
254,"ESP","Spain",27,"1986-06-22",30.79,1,1,1,1,0,0,0,1986,19860,6
289,"ESP","Spain",27,"1989-10-29",9.13,1,0,0,0,0,0,0,1989,19890,10
252,"ESP","Spain",27,"1993-06-06",9.63,1,0,0,0,0,0,0,1993,19930,6
99,"ESP","Spain",27,"1996-03-03",10.64,1,1,0,0,0,0,0,1996,19960,3
687,"ESP","Spain",27,"2000-03-12",40.25,1,1,1,1,1,0,0,2000,20000,3
164,"ESP","Spain",27,"2004-03-14",5.04,1,0,0,0,0,0,0,2004,20040,3
500,"ESP","Spain",27,"2008-03-09",3.81,1,0,0,0,0,0,0,2008,20080,3
777,"ESP","Spain",27,"2011-11-20",7.02,1,0,0,0,0,0,0,2011,20110,11
998,"ESP","Spain",27,"2015-12-20",0,0,0,0,0,0,0,0,2015,20150,12
670,"EST","Estonia",75,"1992-09-20",74.21,1,1,1,1,1,1,1,1992,19920,9
600,"EST","Estonia",75,"1995-03-05",54.22,1,1,1,1,1,1,0,1995,19950,3
239,"EST","Estonia",75,"1999-03-07",60.93,1,1,1,1,1,1,1,1999,19990,3
423,"EST","Estonia",75,"2003-03-02",0,0,0,0,0,0,0,0,2003,20030,3
83,"EST","Estonia",75,"2007-03-04",0,0,0,0,0,0,0,0,2007,20070,3
699,"EST","Estonia",75,"2011-03-06",0,0,0,0,0,0,0,0,2011,20110,3
853,"EST","Estonia",75,"2015-03-01",0,0,0,0,0,0,0,0,2015,20150,3
101,"FIN","Finland",67,"1945-03-18",0,0,0,0,0,0,0,0,1945,19450,3
187,"FIN","Finland",67,"1948-07-02",0,0,0,0,0,0,0,0,1948,19480,7
575,"FIN","Finland",67,"1951-07-03",0,0,0,0,0,0,0,0,1951,19510,7
71,"FIN","Finland",67,"1954-03-08",0,0,0,0,0,0,0,0,1954,19540,3
616,"FIN","Finland",67,"1958-07-07",0,0,0,0,0,0,0,0,1958,19580,7
354,"FIN","Finland",67,"1962-02-05",0,0,0,0,0,0,0,0,1962,19620,2
460,"FIN","Finland",67,"1966-03-21",0,0,0,0,0,0,0,0,1966,19660,3
77,"FIN","Finland",67,"1970-03-16",0,0,0,0,0,0,0,0,1970,19700,3
636,"FIN","Finland",67,"1972-01-03",0,0,0,0,0,0,0,0,1972,19720,1
98,"FIN","Finland",67,"1975-09-22",0,0,0,0,0,0,0,0,1975,19750,9
84,"FIN","Finland",67,"1979-03-13",0,0,0,0,0,0,0,0,1979,19790,3
133,"FIN","Finland",67,"1983-03-21",17.6,1,1,0,0,0,0,0,1983,19830,3
527,"FIN","Finland",67,"1987-03-16",0,0,0,0,0,0,0,0,1987,19870,3
602,"FIN","Finland",67,"1991-03-17",0,0,0,0,0,0,0,0,1991,19910,3
24,"FIN","Finland",67,"1995-03-19",0,0,0,0,0,0,0,0,1995,19950,3
15,"FIN","Finland",67,"1999-03-21",67.2,1,1,1,1,1,1,1,1999,19990,3
253,"FIN","Finland",67,"2003-03-16",0,0,0,0,0,0,0,0,2003,20030,3
314,"FIN","Finland",67,"2007-03-18",0,0,0,0,0,0,0,0,2007,20070,3
700,"FIN","Finland",67,"2011-04-17",0,0,0,0,0,0,0,0,2011,20110,4
855,"FIN","Finland",67,"2015-04-19",0,0,0,0,0,0,0,0,2015,20150,4
471,"FRA","France",43,"1945-10-21",0,0,0,0,0,0,0,0,1945,19450,10
348,"FRA","France",43,"1946-06-02",0,0,0,0,0,0,0,0,1946,19460,6
75,"FRA","France",43,"1946-11-10",0,0,0,0,0,0,0,0,1946,19461,11
293,"FRA","France",43,"1951-06-17",0,0,0,0,0,0,0,0,1951,19510,6
312,"FRA","France",43,"1956-01-02",0,0,0,0,0,0,0,0,1956,19560,1
375,"FRA","France",43,"1958-11-30",0,0,0,0,0,0,0,0,1958,19580,11
407,"FRA","France",43,"1962-11-25",77.7,1,1,1,1,1,1,1,1962,19620,11
291,"FRA","France",43,"1967-03-12",94,1,1,1,1,1,1,1,1967,19670,3
386,"FRA","France",43,"1968-06-30",93.4,1,1,1,1,1,1,1,1968,19680,6
357,"FRA","France",43,"1973-03-11",90.7,1,1,1,1,1,1,1,1973,19730,3
496,"FRA","France",43,"1978-03-19",83.9,1,1,1,1,1,1,1,1978,19780,3
20,"FRA","France",43,"1981-06-21",92,1,1,1,1,1,1,1,1981,19810,6
623,"FRA","France",43,"1986-03-16",62.2,1,1,1,1,1,1,1,1986,19860,3
643,"FRA","France",43,"1988-06-12",85.3,1,1,1,1,1,1,1,1988,19880,6
664,"FRA","France",43,"1993-03-28",74.84,1,1,1,1,1,1,1,1993,19930,3
479,"FRA","France",43,"1997-06-01",71.61,1,1,1,1,1,1,1,1997,19970,6
403,"FRA","France",43,"2002-06-16",73.54,1,1,1,1,1,1,1,2002,20020,6
171,"FRA","France",43,"2007-06-17",77.9,1,1,1,1,1,1,1,2007,20070,6
782,"FRA","France",43,"2012-06-17",74.53,1,1,1,1,1,1,1,2012,20120,6
609,"GBR","United Kingdom",44,"1945-07-05",39.6,1,1,1,1,0,0,0,1945,19450,7
625,"GBR","United Kingdom",44,"1950-02-23",43.4,1,1,1,1,1,0,0,1950,19500,2
102,"GBR","United Kingdom",44,"1951-10-25",48,1,1,1,1,1,0,0,1951,19510,10
678,"GBR","United Kingdom",44,"1955-05-26",49.7,1,1,1,1,1,0,0,1955,19550,5
161,"GBR","United Kingdom",44,"1959-10-08",49.4,1,1,1,1,1,0,0,1959,19590,10
223,"GBR","United Kingdom",44,"1964-10-15",43.4,1,1,1,1,1,0,0,1964,19640,10
583,"GBR","United Kingdom",44,"1966-03-31",41.9,1,1,1,1,1,0,0,1966,19660,3
311,"GBR","United Kingdom",44,"1970-06-18",0,0,0,0,0,0,0,0,1970,19700,6
568,"GBR","United Kingdom",44,"1974-02-28",1.17,1,0,0,0,0,0,0,1974,19740,2
40,"GBR","United Kingdom",44,"1974-10-10",1.4,1,0,0,0,0,0,0,1974,19741,10
243,"GBR","United Kingdom",44,"1979-05-03",0,0,0,0,0,0,0,0,1979,19790,5
290,"GBR","United Kingdom",44,"1983-06-09",25.4,1,1,1,0,0,0,0,1983,19830,6
490,"GBR","United Kingdom",44,"1987-06-11",22.6,1,1,1,0,0,0,0,1987,19870,6
514,"GBR","United Kingdom",44,"1992-04-09",0,0,0,0,0,0,0,0,1992,19920,4
315,"GBR","United Kingdom",44,"1997-05-01",0,0,0,0,0,0,0,0,1997,19970,5
208,"GBR","United Kingdom",44,"2001-06-07",0,0,0,0,0,0,0,0,2001,20010,6
233,"GBR","United Kingdom",44,"2005-05-05",0,0,0,0,0,0,0,0,2005,20050,5
582,"GBR","United Kingdom",44,"2010-05-06",0,0,0,0,0,0,0,0,2010,20100,5
856,"GBR","United Kingdom",44,"2015-05-07",0,0,0,0,0,0,0,0,2015,20150,5
653,"GRC","Greece",41,"1974-11-17",29.9,1,1,1,0,0,0,0,1974,19740,11
596,"GRC","Greece",41,"1977-11-20",2.7,1,0,0,0,0,0,0,1977,19770,11
227,"GRC","Greece",41,"1981-10-18",48.1,1,1,1,1,1,0,0,1981,19810,10
453,"GRC","Greece",41,"1985-06-02",86.6,1,1,1,1,1,1,1,1985,19850,6
205,"GRC","Greece",41,"1989-06-18",13.1,1,1,0,0,0,0,0,1989,19890,6
508,"GRC","Greece",41,"1989-11-05",11,1,1,0,0,0,0,0,1989,19891,11
284,"GRC","Greece",41,"1990-04-08",10.3,1,1,0,0,0,0,0,1990,19900,4
654,"GRC","Greece",41,"1993-10-10",0,0,0,0,0,0,0,0,1993,19930,10
399,"GRC","Greece",41,"1996-09-22",0,0,0,0,0,0,0,0,1996,19960,9
475,"GRC","Greece",41,"2000-04-09",0,0,0,0,0,0,0,0,2000,20000,4
201,"GRC","Greece",41,"2004-03-07",0,0,0,0,0,0,0,0,2004,20040,3
466,"GRC","Greece",41,"2007-09-16",0,0,0,0,0,0,0,0,2007,20070,9
651,"GRC","Greece",41,"2009-10-04",0,0,0,0,0,0,0,0,2009,20090,10
783,"GRC","Greece",41,"2012-05-06",0,0,0,0,0,0,0,0,2012,20120,5
784,"GRC","Greece",41,"2012-06-17",0,0,0,0,0,0,0,0,2012,20121,6
851,"GRC","Greece",41,"2015-01-25",0,0,0,0,0,0,0,0,2015,20150,1
992,"GRC","Greece",41,"2015-09-20",0,0,0,0,0,0,0,0,2015,20151,9
797,"HRV","Croatia",62,"2000-01-03",61.7,1,1,1,1,1,1,1,2000,20000,1
795,"HRV","Croatia",62,"2003-11-23",42.2,1,1,1,1,1,0,0,2003,20030,11
793,"HRV","Croatia",62,"2007-11-25",6.4,1,0,0,0,0,0,0,2007,20070,11
792,"HRV","Croatia",62,"2011-12-04",65.86,1,1,1,1,1,1,1,2011,20110,12
1001,"HRV","Croatia",62,"2015-11-08",0,0,0,0,0,0,0,0,2015,20150,11
257,"HUN","Hungary",39,"1990-04-08",1.9,1,0,0,0,0,0,0,1990,19900,4
620,"HUN","Hungary",39,"1994-05-29",0,0,0,0,0,0,0,0,1994,19940,5
671,"HUN","Hungary",39,"1998-05-24",0,0,0,0,0,0,0,0,1998,19980,5
463,"HUN","Hungary",39,"2002-04-21",44.97,1,1,1,1,1,0,0,2002,20020,4
194,"HUN","Hungary",39,"2006-04-09",93.9,1,1,1,1,1,1,1,2006,20060,4
688,"HUN","Hungary",39,"2010-04-25",54.91,1,1,1,1,1,1,0,2010,20100,4
814,"HUN","Hungary",39,"2014-04-06",70.44,1,1,1,1,1,1,1,2014,20140,4
60,"IRL","Ireland",37,"1948-02-04",0,0,0,0,0,0,0,0,1948,19480,2
515,"IRL","Ireland",37,"1951-05-30",44.14,1,1,1,1,1,0,0,1951,19510,5
584,"IRL","Ireland",37,"1954-04-18",47.13,1,1,1,1,1,0,0,1954,19540,4
469,"IRL","Ireland",37,"1957-03-05",0,0,0,0,0,0,0,0,1957,19570,3
413,"IRL","Ireland",37,"1961-10-04",0,0,0,0,0,0,0,0,1961,19610,10
323,"IRL","Ireland",37,"1965-04-07",0,0,0,0,0,0,0,0,1965,19650,4
641,"IRL","Ireland",37,"1969-06-18",0,0,0,0,0,0,0,0,1969,19690,6
283,"IRL","Ireland",37,"1973-02-28",48.79,1,1,1,1,1,0,0,1973,19730,2
6,"IRL","Ireland",37,"1977-06-16",42.12,1,1,1,1,1,0,0,1977,19770,6
47,"IRL","Ireland",37,"1981-06-11",0,0,0,0,0,0,0,0,1981,19810,6
228,"IRL","Ireland",37,"1982-02-18",0,0,0,0,0,0,0,0,1982,19820,2
307,"IRL","Ireland",37,"1982-11-24",0,0,0,0,0,0,0,0,1982,19821,11
43,"IRL","Ireland",37,"1987-02-17",0,0,0,0,0,0,0,0,1987,19870,2
590,"IRL","Ireland",37,"1989-06-15",0,0,0,0,0,0,0,0,1989,19890,6
359,"IRL","Ireland",37,"1992-11-25",0,0,0,0,0,0,0,0,1992,19920,11
316,"IRL","Ireland",37,"1997-06-06",84.87,1,1,1,1,1,1,1,1997,19970,6
408,"IRL","Ireland",37,"2002-05-15",45.44,1,1,1,1,1,0,0,2002,20020,5
190,"IRL","Ireland",37,"2007-05-24",37.45,1,1,1,1,0,0,0,2007,20070,5
698,"IRL","Ireland",37,"2011-02-25",0,0,0,0,0,0,0,0,2011,20110,2
35,"ISL","Iceland",56,"1946-06-30",0,0,0,0,0,0,0,0,1946,19460,6
259,"ISL","Iceland",56,"1949-10-24",0,0,0,0,0,0,0,0,1949,19490,10
88,"ISL","Iceland",56,"1953-06-28",0,0,0,0,0,0,0,0,1953,19530,6
665,"ISL","Iceland",56,"1956-06-24",53.1,1,1,1,1,1,1,0,1956,19560,6
393,"ISL","Iceland",56,"1959-06-28",15.2,1,1,0,0,0,0,0,1959,19590,6
320,"ISL","Iceland",56,"1959-10-26",16,1,1,0,0,0,0,0,1959,19591,10
379,"ISL","Iceland",56,"1963-06-09",71.6,1,1,1,1,1,1,1,1963,19630,6
318,"ISL","Iceland",56,"1967-06-11",17.6,1,1,0,0,0,0,0,1967,19670,6
225,"ISL","Iceland",56,"1971-06-13",0,0,0,0,0,0,0,0,1971,19710,6
637,"ISL","Iceland",56,"1974-06-30",0,0,0,0,0,0,0,0,1974,19740,6
275,"ISL","Iceland",56,"1978-06-25",0,0,0,0,0,0,0,0,1978,19780,6
436,"ISL","Iceland",56,"1979-12-03",0,0,0,0,0,0,0,0,1979,19790,12
114,"ISL","Iceland",56,"1983-04-23",0,0,0,0,0,0,0,0,1983,19830,4
673,"ISL","Iceland",56,"1987-04-25",0,0,0,0,0,0,0,0,1987,19870,4
274,"ISL","Iceland",56,"1991-04-20",0,0,0,0,0,0,0,0,1991,19910,4
82,"ISL","Iceland",56,"1995-04-08",0,0,0,0,0,0,0,0,1995,19950,4
592,"ISL","Iceland",56,"1999-05-08",26.8,1,1,1,0,0,0,0,1999,19990,5
178,"ISL","Iceland",56,"2003-05-10",0,0,0,0,0,0,0,0,2003,20030,5
265,"ISL","Iceland",56,"2007-05-12",0,0,0,0,0,0,0,0,2007,20070,5
36,"ISL","Iceland",56,"2009-04-25",0,0,0,0,0,0,0,0,2009,20090,4
798,"ISL","Iceland",56,"2013-04-27",0,0,0,0,0,0,0,0,2013,20130,4
704,"ISR","Israel",34,"1949-01-25",0,0,0,0,0,0,0,0,1949,19490,1
705,"ISR","Israel",34,"1951-07-30",0,0,0,0,0,0,0,0,1951,19510,7
706,"ISR","Israel",34,"1955-07-26",0,0,0,0,0,0,0,0,1955,19550,7
707,"ISR","Israel",34,"1959-11-03",0,0,0,0,0,0,0,0,1959,19590,11
708,"ISR","Israel",34,"1961-08-15",0,0,0,0,0,0,0,0,1961,19610,8
709,"ISR","Israel",34,"1965-11-01",21.3,1,1,1,0,0,0,0,1965,19650,11
710,"ISR","Israel",34,"1969-10-28",21.7,1,1,1,0,0,0,0,1969,19690,10
711,"ISR","Israel",34,"1973-12-31",30.2,1,1,1,1,0,0,0,1973,19730,12
712,"ISR","Israel",34,"1977-05-17",33.4,1,1,1,1,0,0,0,1977,19770,5
713,"ISR","Israel",34,"1981-06-30",37.1,1,1,1,1,0,0,0,1981,19810,6
714,"ISR","Israel",34,"1984-07-23",70.8,1,1,1,1,1,1,1,1984,19840,7
715,"ISR","Israel",34,"1988-11-01",31.1,1,1,1,1,0,0,0,1988,19880,11
716,"ISR","Israel",34,"1992-06-23",12.9,1,1,0,0,0,0,0,1992,19920,6
717,"ISR","Israel",34,"1996-05-29",39.6,1,1,1,1,0,0,0,1996,19960,5
718,"ISR","Israel",34,"1999-05-17",20.2,1,1,1,0,0,0,0,1999,19990,5
719,"ISR","Israel",34,"2003-01-28",0,0,0,0,0,0,0,0,2003,20030,1
720,"ISR","Israel",34,"2006-03-28",0,0,0,0,0,0,0,0,2006,20060,3
721,"ISR","Israel",34,"2009-02-10",44.1,1,1,1,1,1,0,0,2009,20090,2
815,"ISR","Israel",34,"2013-01-22",32.46,1,1,1,1,0,0,0,2013,20130,1
852,"ISR","Israel",34,"2015-03-17",29.28,1,1,1,0,0,0,0,2015,20150,3
503,"ITA","Italy",26,"1946-06-02",0,0,0,0,0,0,0,0,1946,19460,6
467,"ITA","Italy",26,"1948-04-18",31,1,1,1,1,0,0,0,1948,19480,4
642,"ITA","Italy",26,"1953-06-07",35.3,1,1,1,1,0,0,0,1953,19530,6
507,"ITA","Italy",26,"1958-05-25",0,0,0,0,0,0,0,0,1958,19580,5
380,"ITA","Italy",26,"1963-04-28",0,0,0,0,0,0,0,0,1963,19630,4
261,"ITA","Italy",26,"1968-05-19",0,0,0,0,0,0,0,0,1968,19680,5
65,"ITA","Italy",26,"1972-05-07",0,0,0,0,0,0,0,0,1972,19720,5
502,"ITA","Italy",26,"1976-06-20",0,0,0,0,0,0,0,0,1976,19760,6
604,"ITA","Italy",26,"1979-06-03",0,0,0,0,0,0,0,0,1979,19790,6
617,"ITA","Italy",26,"1983-06-26",0,0,0,0,0,0,0,0,1983,19830,6
17,"ITA","Italy",26,"1987-06-14",0,0,0,0,0,0,0,0,1987,19870,6
605,"ITA","Italy",26,"1992-04-05",0,0,0,0,0,0,0,0,1992,19920,4
146,"ITA","Italy",26,"1994-03-27",96.4,1,1,1,1,1,1,1,1994,19940,3
551,"ITA","Italy",26,"1996-04-21",77.04,1,1,1,1,1,1,1,1996,19960,4
498,"ITA","Italy",26,"2001-05-13",88.72,1,1,1,1,1,1,1,2001,20010,5
107,"ITA","Italy",26,"2006-04-09",83.76,1,1,1,1,1,1,1,2006,20060,4
111,"ITA","Italy",26,"2008-04-13",91.73,1,1,1,1,1,1,1,2008,20080,4
789,"ITA","Italy",26,"2013-02-25",69.46,1,1,1,1,1,1,1,2013,20130,2
697,"JPN","Japan",5,"1946-04-10",0,0,0,0,0,0,0,0,1946,19460,4
696,"JPN","Japan",5,"1947-04-25",0,0,0,0,0,0,0,0,1947,19470,4
695,"JPN","Japan",5,"1949-01-23",0,0,0,0,0,0,0,0,1949,19490,1
694,"JPN","Japan",5,"1952-10-01",0,0,0,0,0,0,0,0,1952,19520,10
693,"JPN","Japan",5,"1953-04-19",0,0,0,0,0,0,0,0,1953,19530,4
692,"JPN","Japan",5,"1955-02-27",0,0,0,0,0,0,0,0,1955,19550,2
645,"JPN","Japan",5,"1958-05-22",0,0,0,0,0,0,0,0,1958,19580,5
345,"JPN","Japan",5,"1960-11-20",0,0,0,0,0,0,0,0,1960,19600,11
640,"JPN","Japan",5,"1963-11-21",0,0,0,0,0,0,0,0,1963,19630,11
367,"JPN","Japan",5,"1967-01-29",0,0,0,0,0,0,0,0,1967,19670,1
603,"JPN","Japan",5,"1969-12-27",0,0,0,0,0,0,0,0,1969,19690,12
333,"JPN","Japan",5,"1972-12-10",0,0,0,0,0,0,0,0,1972,19720,12
53,"JPN","Japan",5,"1976-12-05",0,0,0,0,0,0,0,0,1976,19760,12
433,"JPN","Japan",5,"1979-10-07",0,0,0,0,0,0,0,0,1979,19790,10
113,"JPN","Japan",5,"1980-06-22",0,0,0,0,0,0,0,0,1980,19800,6
138,"JPN","Japan",5,"1983-12-18",0,0,0,0,0,0,0,0,1983,19830,12
506,"JPN","Japan",5,"1986-07-06",0,0,0,0,0,0,0,0,1986,19860,7
25,"JPN","Japan",5,"1990-02-18",0,0,0,0,0,0,0,0,1990,19900,2
57,"JPN","Japan",5,"1993-07-18",48.6,1,1,1,1,1,0,0,1993,19930,7
628,"JPN","Japan",5,"1996-10-20",0,0,0,0,0,0,0,0,1996,19960,10
237,"JPN","Japan",5,"2000-06-25",41.69,1,1,1,1,1,0,0,2000,20000,6
511,"JPN","Japan",5,"2003-11-09",49.8,1,1,1,1,1,0,0,2003,20030,11
554,"JPN","Japan",5,"2005-09-11",51.43,1,1,1,1,1,1,0,2005,20050,9
327,"JPN","Japan",5,"2009-08-30",48.41,1,1,1,1,1,0,0,2009,20090,8
788,"JPN","Japan",5,"2012-12-16",39.4,1,1,1,1,0,0,0,2012,20120,12
850,"JPN","Japan",5,"2014-12-14",80.87,1,1,1,1,1,1,1,2014,20140,12
462,"LTU","Lithuania",15,"1990-03-10",0,0,0,0,0,0,0,0,1990,19900,3
439,"LTU","Lithuania",15,"1992-11-15",18.15,1,1,0,0,0,0,0,1992,19920,11
566,"LTU","Lithuania",15,"1996-10-20",21.3,1,1,1,0,0,0,0,1996,19960,10
59,"LTU","Lithuania",15,"2000-10-08",75.02,1,1,1,1,1,1,1,2000,20000,10
214,"LTU","Lithuania",15,"2004-10-24",35.8,1,1,1,1,0,0,0,2004,20040,10
646,"LTU","Lithuania",15,"2008-10-12",0,0,0,0,0,0,0,0,2008,20080,10
786,"LTU","Lithuania",15,"2012-10-14",0,0,0,0,0,0,0,0,2012,20120,10
144,"LUX","Luxembourg",7,"1945-10-21",0,0,0,0,0,0,0,0,1945,19450,10
661,"LUX","Luxembourg",7,"1948-06-06",0,0,0,0,0,0,0,0,1948,19480,6
149,"LUX","Luxembourg",7,"1951-06-03",0,0,0,0,0,0,0,0,1951,19510,6
153,"LUX","Luxembourg",7,"1954-05-30",0,0,0,0,0,0,0,0,1954,19540,5
390,"LUX","Luxembourg",7,"1959-02-01",0,0,0,0,0,0,0,0,1959,19590,2
579,"LUX","Luxembourg",7,"1964-06-07",0,0,0,0,0,0,0,0,1964,19640,6
166,"LUX","Luxembourg",7,"1968-12-15",67.54,1,1,1,1,1,1,1,1968,19680,12
446,"LUX","Luxembourg",7,"1974-05-26",0,0,0,0,0,0,0,0,1974,19740,5
606,"LUX","Luxembourg",7,"1979-06-10",0,0,0,0,0,0,0,0,1979,19790,6
183,"LUX","Luxembourg",7,"1984-06-17",0,0,0,0,0,0,0,0,1984,19840,6
526,"LUX","Luxembourg",7,"1989-06-18",0,0,0,0,0,0,0,0,1989,19890,6
306,"LUX","Luxembourg",7,"1994-06-12",0,0,0,0,0,0,0,0,1994,19940,6
299,"LUX","Luxembourg",7,"1999-06-13",0,0,0,0,0,0,0,0,1999,19990,6
383,"LUX","Luxembourg",7,"2004-06-13",0,0,0,0,0,0,0,0,2004,20040,6
172,"LUX","Luxembourg",7,"2009-06-07",0,0,0,0,0,0,0,0,2009,20090,6
803,"LUX","Luxembourg",7,"2013-10-20",0,0,0,0,0,0,0,0,2013,20130,10
647,"LVA","Latvia",55,"1990-04-29",0,0,0,0,0,0,0,0,1990,19900,4
564,"LVA","Latvia",55,"1993-06-06",12,1,1,0,0,0,0,0,1993,19930,6
534,"LVA","Latvia",55,"1995-10-01",17.24,1,1,0,0,0,0,0,1995,19950,10
615,"LVA","Latvia",55,"1998-10-03",29.22,1,1,1,0,0,0,0,1998,19980,10
260,"LVA","Latvia",55,"2002-10-05",28.4,1,1,1,0,0,0,0,2002,20020,10
52,"LVA","Latvia",55,"2006-10-07",45.74,1,1,1,1,1,0,0,2006,20060,10
690,"LVA","Latvia",55,"2010-10-02",94.28,1,1,1,1,1,1,1,2010,20100,10
765,"LVA","Latvia",55,"2011-09-17",40.58,1,1,1,1,1,0,0,2011,20110,9
831,"LVA","Latvia",55,"2014-10-04",0,0,0,0,0,0,0,0,2014,20140,10
550,"MLT","Malta",72,"1947-10-27",0,0,0,0,0,0,0,0,1947,19470,10
135,"MLT","Malta",72,"1950-09-04",0,0,0,0,0,0,0,0,1950,19500,9
244,"MLT","Malta",72,"1951-05-06",0,0,0,0,0,0,0,0,1951,19510,5
272,"MLT","Malta",72,"1953-12-14",0,0,0,0,0,0,0,0,1953,19530,12
611,"MLT","Malta",72,"1955-02-28",0,0,0,0,0,0,0,0,1955,19550,2
658,"MLT","Malta",72,"1962-02-19",0,0,0,0,0,0,0,0,1962,19620,2
419,"MLT","Malta",72,"1966-03-28",0,0,0,0,0,0,0,0,1966,19660,3
8,"MLT","Malta",72,"1971-06-14",0,0,0,0,0,0,0,0,1971,19710,6
533,"MLT","Malta",72,"1976-09-18",0,0,0,0,0,0,0,0,1976,19760,9
136,"MLT","Malta",72,"1981-12-12",0,0,0,0,0,0,0,0,1981,19810,12
370,"MLT","Malta",72,"1987-05-09",0,0,0,0,0,0,0,0,1987,19870,5
520,"MLT","Malta",72,"1992-02-22",0,0,0,0,0,0,0,0,1992,19920,2
483,"MLT","Malta",72,"1996-10-26",0,0,0,0,0,0,0,0,1996,19960,10
173,"MLT","Malta",72,"1998-09-05",0,0,0,0,0,0,0,0,1998,19980,9
509,"MLT","Malta",72,"2003-04-12",0,0,0,0,0,0,0,0,2003,20030,4
203,"MLT","Malta",72,"2008-03-08",0,0,0,0,0,0,0,0,2008,20080,3
790,"MLT","Malta",72,"2013-03-09",0,0,0,0,0,0,0,0,2013,20130,3
182,"NLD","Netherlands",8,"1946-05-17",0,0,0,0,0,0,0,0,1946,19460,5
497,"NLD","Netherlands",8,"1948-07-07",0,0,0,0,0,0,0,0,1948,19480,7
543,"NLD","Netherlands",8,"1952-06-25",0,0,0,0,0,0,0,0,1952,19520,6
437,"NLD","Netherlands",8,"1956-06-13",0,0,0,0,0,0,0,0,1956,19560,6
667,"NLD","Netherlands",8,"1959-03-12",0,0,0,0,0,0,0,0,1959,19590,3
529,"NLD","Netherlands",8,"1963-05-15",0,0,0,0,0,0,0,0,1963,19630,5
204,"NLD","Netherlands",8,"1967-02-15",0,0,0,0,0,0,0,0,1967,19670,2
125,"NLD","Netherlands",8,"1971-03-28",69.97,1,1,1,1,1,1,1,1971,19710,3
51,"NLD","Netherlands",8,"1972-11-29",67.57,1,1,1,1,1,1,1,1972,19720,11
635,"NLD","Netherlands",8,"1977-05-25",31.89,1,1,1,1,0,0,0,1977,19770,5
81,"NLD","Netherlands",8,"1981-05-26",0,0,0,0,0,0,0,0,1981,19810,5
116,"NLD","Netherlands",8,"1982-09-08",0,0,0,0,0,0,0,0,1982,19820,9
62,"NLD","Netherlands",8,"1986-05-21",52,1,1,1,1,1,1,0,1986,19860,5
627,"NLD","Netherlands",8,"1989-09-06",4.07,1,0,0,0,0,0,0,1989,19890,9
570,"NLD","Netherlands",8,"1994-05-03",0,0,0,0,0,0,0,0,1994,19940,5
372,"NLD","Netherlands",8,"1998-05-06",62.66,1,1,1,1,1,1,1,1998,19980,5
74,"NLD","Netherlands",8,"2002-05-15",0,0,0,0,0,0,0,0,2002,20020,5
335,"NLD","Netherlands",8,"2003-01-22",46.53,1,1,1,1,1,0,0,2003,20030,1
578,"NLD","Netherlands",8,"2006-11-22",0,0,0,0,0,0,0,0,2006,20060,11
530,"NLD","Netherlands",8,"2010-06-09",0,0,0,0,0,0,0,0,2010,20100,6
785,"NLD","Netherlands",8,"2012-09-12",0,0,0,0,0,0,0,0,2012,20120,9
220,"NOR","Norway",9,"1945-10-08",0,0,0,0,0,0,0,0,1945,19450,10
478,"NOR","Norway",9,"1949-10-10",0,0,0,0,0,0,0,0,1949,19490,10
167,"NOR","Norway",9,"1953-10-12",0,0,0,0,0,0,0,0,1953,19530,10
429,"NOR","Norway",9,"1957-10-07",0,0,0,0,0,0,0,0,1957,19570,10
622,"NOR","Norway",9,"1961-09-11",0,0,0,0,0,0,0,0,1961,19610,9
517,"NOR","Norway",9,"1965-09-12",48.4,1,1,1,1,1,0,0,1965,19650,9
580,"NOR","Norway",9,"1969-09-07",45.9,1,1,1,1,1,0,0,1969,19690,9
523,"NOR","Norway",9,"1973-09-09",0,0,0,0,0,0,0,0,1973,19730,9
499,"NOR","Norway",9,"1977-09-11",45.8,1,1,1,1,1,0,0,1977,19770,9
100,"NOR","Norway",9,"1981-09-14",47.9,1,1,1,1,1,0,0,1981,19810,9
207,"NOR","Norway",9,"1985-09-08",45.3,1,1,1,1,1,0,0,1985,19850,9
571,"NOR","Norway",9,"1989-09-11",37.2,1,1,1,1,0,0,0,1989,19890,9
404,"NOR","Norway",9,"1993-09-13",0,0,0,0,0,0,0,0,1993,19930,9
669,"NOR","Norway",9,"1997-09-16",26.1,1,1,1,0,0,0,0,1997,19970,9
328,"NOR","Norway",9,"2001-09-10",22,1,1,1,0,0,0,0,2001,20010,9
3,"NOR","Norway",9,"2005-09-12",74.8,1,1,1,1,1,1,1,2005,20050,9
285,"NOR","Norway",9,"2009-09-14",74.4,1,1,1,1,1,1,1,2009,20090,9
801,"NOR","Norway",9,"2013-09-09",93.3,1,1,1,1,1,1,1,2013,20130,9
586,"NZL","New Zealand",11,"1946-11-27",0,0,0,0,0,0,0,0,1946,19460,11
94,"NZL","New Zealand",11,"1949-11-30",0,0,0,0,0,0,0,0,1949,19490,11
366,"NZL","New Zealand",11,"1951-09-01",0,0,0,0,0,0,0,0,1951,19510,9
321,"NZL","New Zealand",11,"1954-11-13",0,0,0,0,0,0,0,0,1954,19540,11
421,"NZL","New Zealand",11,"1957-11-30",0,0,0,0,0,0,0,0,1957,19570,11
666,"NZL","New Zealand",11,"1960-11-26",0,0,0,0,0,0,0,0,1960,19600,11
117,"NZL","New Zealand",11,"1963-11-30",0,0,0,0,0,0,0,0,1963,19630,11
391,"NZL","New Zealand",11,"1966-11-26",0,0,0,0,0,0,0,0,1966,19660,11
120,"NZL","New Zealand",11,"1969-11-29",0,0,0,0,0,0,0,0,1969,19690,11
1,"NZL","New Zealand",11,"1972-11-25",0,0,0,0,0,0,0,0,1972,19720,11
459,"NZL","New Zealand",11,"1975-11-29",0,0,0,0,0,0,0,0,1975,19750,11
202,"NZL","New Zealand",11,"1978-11-25",0,0,0,0,0,0,0,0,1978,19780,11
513,"NZL","New Zealand",11,"1981-11-28",0,0,0,0,0,0,0,0,1981,19810,11
56,"NZL","New Zealand",11,"1984-07-14",0,0,0,0,0,0,0,0,1984,19840,7
322,"NZL","New Zealand",11,"1987-08-15",0,0,0,0,0,0,0,0,1987,19870,8
350,"NZL","New Zealand",11,"1990-10-27",0,0,0,0,0,0,0,0,1990,19900,10
634,"NZL","New Zealand",11,"1993-11-06",18.21,1,1,0,0,0,0,0,1993,19930,11
561,"NZL","New Zealand",11,"1996-10-12",16.2,1,1,0,0,0,0,0,1996,19960,10
451,"NZL","New Zealand",11,"1999-11-27",46.48,1,1,1,1,1,0,0,1999,19990,11
572,"NZL","New Zealand",11,"2002-07-27",0,0,0,0,0,0,0,0,2002,20020,7
675,"NZL","New Zealand",11,"2005-09-17",0,0,0,0,0,0,0,0,2005,20050,9
660,"NZL","New Zealand",11,"2008-11-08",0,0,0,0,0,0,0,0,2008,20080,11
776,"NZL","New Zealand",11,"2011-11-26",0,0,0,0,0,0,0,0,2011,20110,11
829,"NZL","New Zealand",11,"2014-09-20",0,0,0,0,0,0,0,0,2014,20140,9
158,"POL","Poland",74,"1989-06-18",0,0,0,0,0,0,0,0,1989,19890,6
211,"POL","Poland",74,"1991-10-27",34.9,1,1,1,1,0,0,0,1991,19910,10
268,"POL","Poland",74,"1993-09-19",26.77,1,1,1,0,0,0,0,1993,19930,9
477,"POL","Poland",74,"1997-09-21",60.96,1,1,1,1,1,1,1,1997,19970,9
565,"POL","Poland",74,"2001-09-23",46.64,1,1,1,1,1,0,0,2001,20010,9
188,"POL","Poland",74,"2005-09-25",54.99,1,1,1,1,1,1,0,2005,20050,9
560,"POL","Poland",74,"2007-10-19",14.45,1,1,0,0,0,0,0,2007,20070,10
766,"POL","Poland",74,"2011-10-09",0,0,0,0,0,0,0,0,2011,20110,10
996,"POL","Poland",74,"2015-10-25",48.75,1,1,1,1,1,0,0,2015,20150,10
247,"PRT","Portugal",63,"1975-04-25",0,0,0,0,0,0,0,0,1975,19750,4
200,"PRT","Portugal",63,"1976-04-25",0,0,0,0,0,0,0,0,1976,19760,4
248,"PRT","Portugal",63,"1979-10-05",63.04,1,1,1,1,1,1,1,1979,19790,10
281,"PRT","Portugal",63,"1980-10-05",90.38,1,1,1,1,1,1,1,1980,19800,10
598,"PRT","Portugal",63,"1983-04-25",18.55,1,1,0,0,0,0,0,1983,19830,4
106,"PRT","Portugal",63,"1985-10-06",15.89,1,1,0,0,0,0,0,1985,19850,10
480,"PRT","Portugal",63,"1987-07-19",12.41,1,1,0,0,0,0,0,1987,19870,7
90,"PRT","Portugal",63,"1991-10-06",8.97,1,0,0,0,0,0,0,1991,19910,10
216,"PRT","Portugal",63,"1995-10-01",8.74,1,0,0,0,0,0,0,1995,19950,10
352,"PRT","Portugal",63,"1999-10-10",11.67,1,1,0,0,0,0,0,1999,19990,10
657,"PRT","Portugal",63,"2002-03-17",9.87,1,0,0,0,0,0,0,2002,20020,3
210,"PRT","Portugal",63,"2005-02-20",7.77,1,0,0,0,0,0,0,2005,20050,2
405,"PRT","Portugal",63,"2009-09-27",8.11,1,0,0,0,0,0,0,2009,20090,9
702,"PRT","Portugal",63,"2011-06-05",60.75,1,1,1,1,1,1,1,2011,20110,6
993,"PRT","Portugal",63,"2015-10-04",0,0,0,0,0,0,0,0,2015,20150,10
633,"ROU","Romania",23,"1990-05-20",0,0,0,0,0,0,0,0,1990,19900,5
416,"ROU","Romania",23,"1992-09-27",20.01,1,1,1,0,0,0,0,1992,19920,9
49,"ROU","Romania",23,"1996-11-03",51.31,1,1,1,1,1,1,0,1996,19960,11
336,"ROU","Romania",23,"2000-11-26",41.65,1,1,1,1,1,0,0,2000,20000,11
165,"ROU","Romania",23,"2004-11-28",67.9,1,1,1,1,1,1,1,2004,20040,11
319,"ROU","Romania",23,"2008-11-30",33.09,1,1,1,1,0,0,0,2008,20080,11
787,"ROU","Romania",23,"2012-12-09",75.14,1,1,1,1,1,1,1,2012,20120,12
538,"SVK","Slovakia",1,"1990-06-09",0,0,0,0,0,0,0,0,1990,19900,6
294,"SVK","Slovakia",1,"1992-06-06",14.77,1,1,0,0,0,0,0,1992,19920,6
119,"SVK","Slovakia",1,"1994-10-01",55.58,1,1,1,1,1,1,0,1994,19940,10
349,"SVK","Slovakia",1,"1998-09-26",0,0,0,0,0,0,0,0,1998,19980,9
218,"SVK","Slovakia",1,"2002-09-21",1.36,1,0,0,0,0,0,0,2002,20020,9
192,"SVK","Slovakia",1,"2006-06-17",0,0,0,0,0,0,0,0,2006,20060,6
524,"SVK","Slovakia",1,"2010-06-12",0,0,0,0,0,0,0,0,2010,20100,6
781,"SVK","Slovakia",1,"2012-03-10",0,0,0,0,0,0,0,0,2012,20120,3
129,"SVN","Slovenia",60,"1990-04-12",54.8,1,1,1,1,1,1,0,1990,19900,4
382,"SVN","Slovenia",60,"1992-12-06",16.92,1,1,0,0,0,0,0,1992,19920,12
338,"SVN","Slovenia",60,"1996-11-10",31.68,1,1,1,1,0,0,0,1996,19960,11
525,"SVN","Slovenia",60,"2000-10-15",0,0,0,0,0,0,0,0,2000,20000,10
80,"SVN","Slovenia",60,"2004-10-03",38.17,1,1,1,1,0,0,0,2004,20040,10
522,"SVN","Slovenia",60,"2008-09-21",82.9,1,1,1,1,1,1,1,2008,20080,9
778,"SVN","Slovenia",60,"2011-12-04",0,0,0,0,0,0,0,0,2011,20110,12
817,"SVN","Slovenia",60,"2014-07-13",0,0,0,0,0,0,0,0,2014,20140,7
431,"SWE","Sweden",35,"1948-09-19",0,0,0,0,0,0,0,0,1948,19480,9
234,"SWE","Sweden",35,"1952-09-21",56.7,1,1,1,1,1,1,0,1952,19520,9
450,"SWE","Sweden",35,"1956-09-26",0,0,0,0,0,0,0,0,1956,19560,9
251,"SWE","Sweden",35,"1958-06-01",0,0,0,0,0,0,0,0,1958,19580,6
295,"SWE","Sweden",35,"1960-09-18",0,0,0,0,0,0,0,0,1960,19600,9
41,"SWE","Sweden",35,"1964-09-20",0,0,0,0,0,0,0,0,1964,19640,9
655,"SWE","Sweden",35,"1968-09-15",30,1,1,1,0,0,0,0,1968,19680,9
258,"SWE","Sweden",35,"1970-09-20",36.1,1,1,1,1,0,0,0,1970,19700,9
215,"SWE","Sweden",35,"1973-09-16",48.8,1,1,1,1,1,0,0,1973,19730,9
262,"SWE","Sweden",35,"1976-09-19",50.8,1,1,1,1,1,1,0,1976,19760,9
473,"SWE","Sweden",35,"1979-09-16",49,1,1,1,1,1,0,0,1979,19790,9
175,"SWE","Sweden",35,"1982-09-19",21.4,1,1,1,0,0,0,0,1982,19820,9
48,"SWE","Sweden",35,"1985-09-15",0,0,0,0,0,0,0,0,1985,19850,9
428,"SWE","Sweden",35,"1988-09-18",0,0,0,0,0,0,0,0,1988,19880,9
472,"SWE","Sweden",35,"1991-09-15",31,1,1,1,1,0,0,0,1991,19910,9
412,"SWE","Sweden",35,"1994-09-18",0,0,0,0,0,0,0,0,1994,19940,9
33,"SWE","Sweden",35,"1998-09-21",0,0,0,0,0,0,0,0,1998,19980,9
156,"SWE","Sweden",35,"2002-09-15",0,0,0,0,0,0,0,0,2002,20020,9
629,"SWE","Sweden",35,"2006-09-17",48.1,1,1,1,1,1,0,0,2006,20060,9
512,"SWE","Sweden",35,"2010-09-19",92.88,1,1,1,1,1,1,1,2010,20100,9
828,"SWE","Sweden",35,"2014-09-14",39.43,1,1,1,1,0,0,0,2014,20140,9
813,"TUR","Turkey",20,"1983-11-06",0,0,0,0,0,0,0,0,1983,19830,11
812,"TUR","Turkey",20,"1987-10-29",0,0,0,0,0,0,0,0,1987,19870,10
811,"TUR","Turkey",20,"1991-10-20",0,0,0,0,0,0,0,0,1991,19910,10
810,"TUR","Turkey",20,"1995-12-24",0,0,0,0,0,0,0,0,1995,19950,12
809,"TUR","Turkey",20,"1999-04-18",0,0,0,0,0,0,0,0,1999,19990,4
808,"TUR","Turkey",20,"2002-11-03",0,0,0,0,0,0,0,0,2002,20020,11
807,"TUR","Turkey",20,"2007-07-22",0,0,0,0,0,0,0,0,2007,20070,7
806,"TUR","Turkey",20,"2011-06-12",0,0,0,0,0,0,0,0,2011,20110,6
975,"TUR","Turkey",20,"2015-06-07",0,0,0,0,0,0,0,0,2015,20150,6
997,"TUR","Turkey",20,"2015-11-01",0,0,0,0,0,0,0,0,2015,20151,11
